\c scouty

INSERT INTO Laender (isocode, LName)

VALUES 
		
		('AR', 'Argentinien'),
		('BE', 'Belgien'),
		('DK', 'Dänemark'),
		('DE', 'Deutschland'),
		('FR', 'Frankreich'),
		('JM', 'Jamaika'),
		('JP', 'Japan'),
		('CA', 'Kanada'),
		('HR', 'Kroatien'),
		('NO', 'Norwegen'),
		('AT', 'Österreich'),
		('PT', 'Portugal'),
		('SE', 'Schweden'),
		('CH', 'Schweiz'),
		('ES', 'Spanien'),
		('CZ', 'Tschechische Republik'),
		('HU', 'Ungarn'),
		('NL', 'Niederlande'),
		('KR', 'Süd Korea');



INSERT INTO Spieler (sid, SVorname, SNachname, SGeb, SNatio, Groesse, Gewicht, Spielfuss, Marktwert, Technik, Ausdauer, Physis, Mentalitaet, Staerke)

VALUES 
		--Borussia Dortmund 
		(1, 'Marco', 'Reus', '1983-07-20', 'DE', 188, 74, 'b', 85000000, 10, 9, 10, 10, 9),
		(2, 'Roman', 'Bürki', '1990-11-14', 'CH', 192, 83, 'l', 14000000, 5, 8, 9, 7, 8),
		(3, 'Axel', 'Witsel', '1989-01-12', 'BE', 185, 77, 'b', 40000000, 10, 9, 8, 8, 8),
		(4, 'Mario', 'Götze', '1992-06-03', 'DE', 168, 75, 'b', 18000000, 10, 8, 6, 8, 7),
		(5, 'Paco', 'Alcacer', '1993-08-30', 'ES', 185, 78, 'b', 40000000, 9, 9, 7, 8, 7),
		(6, 'Leonardo', 'Balerdi', '1999-01-26', 'AR', 175, 74, 'r', 15000000, 4, 6, 3, 7, 6),
		--Bayern München
		(7, 'Thomas', 'Müller', '1983-03-04', 'DE', 183, 80, 'b', 45000000, 8, 9, 5, 10, 7),
		(8, 'Mats', 'Hummels', '1988-12-16', 'DE', 186, 81, 'b', 40000000, 7, 8, 9, 6, 8),
		(9, 'Javi', 'Martinez', '1988-09-02', 'ES', 190, 83, 'b', 30000000, 8, 8, 7,10,9),
		(10, 'Kingsley', 'Coman', '1996-06-13', 'FR', 178, 75, 'b', 50000000, 9, 9, 8, 7, 6 ),
		(11, 'Alphonso', 'Davies', '2000-11-02', 'CA', 170, 71,'l', 10000000, 6, 7, 5, 6, 6),
		(12, 'Manuel', 'Neuer', '1986-03-27', 'DE', 193, 89, 'r', 22000000, 7, 7, 9, 9, 9),
		--RB Leipzig
		(13, 'Peter', 'Gulacsi', '1990-05-06', 'HU', 190, 92, 'r', 10000000, 3, 6, 7, 7, 5),
		(14, 'Willi', 'Orban', '1992-11-03', 'HU', 186, 85, 'r', 15000000, 6, 7, 7, 6, 6),
		(15, 'Marcel', 'Halstenberg', '1991-09-27', 'DE', 186, 85, 'l', 17000000, 5, 8, 8, 6, 7),
		(16, 'Marcel', 'Sabitzer', '1994-03-17', 'AT', 177, 79, 'r', 25000000, 8, 8, 7, 8, 8),
		(17, 'Bruma', 'Bruma', '1994-10-24', 'PT', 173, 77, 'r', 12500000, 8, 6, 6, 5, 6),
		(18, 'Yussuf', 'Poulsen', '1994-06-05', 'DK', 193, 89, 'r', 30000000, 8, 9, 7, 8, 8),
		--Eintracht Frankfurt
		(19, 'Kevin', 'Trapp', '1990-07-08', 'DE', 189, 90, 'r', 10000000, 5, 7, 8, 6, 6),
		(20, 'Jetro', 'Willems', '1994-02-20', 'NL', 169, 75, 'l', 6500000, 5, 6, 4, 5, 5),
		(21, 'Makoto', 'Hasebe', '1984-05-03', 'JP', 180, 80, 'r', 1000000, 5, 5, 4, 4, 3),
		(22, 'Filip', 'Kostic', '1992-11-01', 'KR', 184, 86, 'l', 15000000, 7, 7, 7, 6, 7),
		(23, 'Sebastian', 'Rode', '1990-11-11', 'DE', 179, 80, 'r', 3000000, 5, 5, 6, 4, 4),
		(24, 'Luka', 'Jovic', '1997-12-23', 'KR', 181, 80, 'b', 55000000, 8, 8, 8, 9, 8),
		--Bayer Leverkusen
		(25, 'Ramazan', 'Özcan', '1984-06-28', 'AT', 187, 83, 'l', 400000, 3, 3, 4, 3, 2),
		(26, 'Sven', 'Bender', '1998-04-27', 'DE', 186, 79, 'r', 15000000, 7, 7, 6, 9, 7),
		(27, 'Mitchel', 'Weiser', '1994-04-21', 'DE', 177, 77, 'r', 12000000, 7, 6, 6, 6, 6),
		(28, 'Kai', 'Havertz', '1999-06-11', 'DE', 188, 85, 'b', 65000000, 8, 8, 8, 8, 9),
		(29, 'Leon', 'Bailey', '1997-08-09', 'JM', 178, 74, 'b', 35000000, 9, 7, 7, 7, 8),
		(30, 'Lucas', 'Alario', '1992-10-08', 'AR', 184, 80, 'r', 17000000, 8, 7, 6, 6, 6),
		--Hertha BSC
		(31, 'Rune', 'Jarstein', '1984-09-28', 'NO', 192, 88, 'r', 2000000, 3, 6, 7, 8, 7),
		(32, 'Niklas', 'Stark', '1995-04-14', 'DE', 190, 85, 'r', 20000000, 7, 7, 7, 7, 6),
		(33, 'Jordan', 'Torunarigha', '1997-08-07', 'DE', 191, 91, 'l', 10000000, 5, 8, 8, 5, 6),
		(34, 'Marko', 'Grujic', '1996-04-13', 'CZ', 191, 83, 'r', 18000000, 8, 6, 7, 7, 6),
		(35, 'Ondrej', 'Duda', '1994-04-15', 'HR', 181, 78, 'r', 15000000, 8, 6, 6, 6, 6),
		(36, 'Davie', 'Selke', '1995-06-02', 'DE', 194, 88, 'r', 20000000, 7, 8, 7, 8, 7),
		--SG Dynamo Dresden */
		(37, 'Markus', 'Schubert', '1998-10-02', 'DE', 178, 73, 'b', 1000000, 6, 7, 8, 6, 4),
		(38, 'Linus', 'Wahlqvist', '1996-05-23', 'SE', 184, 77, 'r', 1250000, 5, 6, 4, 6, 5),
		(39, 'Moussa', 'Kone', '1996-12-30', 'SE', 175,  74,  'b', 4000000, 6, 7, 8, 6, 6),
		(40, 'Patrick', 'Ebert', '1987-12-04', 'DE', 177,  78, 'b', 600000, 7, 5, 7, 4, 4),
		(41, 'Niklas', 'Kreuzer', '1993-02-20', 'DE', 173, 71, 'r', 600000, 5, 4, 6, 5, 5),
		(42, 'Dzenis','Burnic', '1998-05-22', 'DE', 178, 70,  'b', 750000, 6, 4, 5, 6, 6);

INSERT INTO Verein (vid, VName, Strasse, HNr, Plz, Stadt, VTelefon, Liga)

VALUES 
		(1, 'Borussia Dortmund', 'Rheinlanddamm', '207', 44137, 'Dortmund', '023190200', 1),
		(2, 'Bayern München', 'Säbener Straße', '51', 81547, 'München', '089699310', 1),
		(3, 'RB Leipzig', 'Neumarkt', '29', 04109, 'Leipzig', '0341124797777', 1),
		(4, 'Eintracht Frankfurt', 'Mörfelder Landstraße', '362', 60528, 'FRnkfurt/Main', '069955030', 1),
		(5, 'Bayer Leverkusen', 'Bismarckstraße', '122', 51373, 'Leverkusen', '021486600', 1),
		(6, 'Hertha BSC', 'Hanns-Braun-Straße Friesenhaus', '2', 14053, 'Berlin', '0303009280', 1),
		(7, 'SG Dynamo Dresden', 'Lenestraße', '10', 10399, 'Dresden', '035177885522',1) 
		;

INSERT INTO Trainer (tid, TVorname, TName, TGeb, TNatio, TTelefon, System)

VALUES 
		(1, 'Lucien', 'Favre', '1957-11-02', 'CH', '0176111', '4-2-3-1'),
		(2, 'Nico', 'Kovac', '1971-10-15', 'HR', '0176222', '4-2-3-1'),
		(3, 'Ralf', 'Rangnick', '1958-06-29', 'DE', '0176333', '4-4-2'),
		(4, 'Adi', 'Hütter', '1970-02-11', 'AT', '0176444', '3-4-1-2'),
		(5, 'Peter', 'Bosz', '1963-11-21', 'NL', '0176555', '4-3-3'),
		(6, 'Pal', 'Dardai', '1976-03-16', 'HU', '0176666', '4-2-3-1'),
		(7, 'Christian', 'Fiel','1980-03-12', 'DE', '017859983','3-1-4-2')
		;

INSERT INTO Position (pid, PName)

VALUES 
		(1, 'TW'),
		(2, 'LV'), (3, 'RV'), (4, 'IV'), 
		(5, 'DM'), (6, 'LA'), (7, 'ZM'), (8, 'RA'), (9, 'OM'), 
		(10, 'ST')
		;

INSERT INTO Spiel (spid, Heim, Gast, ToreHeim, ToreGast, Datum)

VALUES 
		(1, 2, 1, 0, 5, '2018-08-18'),
		(2, 3, 4, 1, 2, '2018-08-18'),
		(3, 5, 6, 2,0, '2018-08-18'),
		
		(4, 1, 4, 0,3, '2018-08-25'),
		(5, 2, 3, 4,1, '2018-08-25'),
		(6, 6, 7, 0,6, '2018-08-25'),
		
		(7, 7, 4, 3,1, '2018-09-01'),
		(8, 2, 6, 2,0, '2018-09-01'),
		(9, 5, 3, 1,1, '2018-09-01')
		;

INSERT INTO Spielervertrag (vid, sid, von, bis)

VALUES 
		(1,1,'2008-07-01','2019-6-30'),
		(1,2,'2010-07-01','2021-06-30'),
		(1,3,'2007-07-01','2020-06-30'),
		(1,4,'2009-07-01','2019-06-30'),
		(1,5,'2007-07-01','2023-06-30'),
		(1,6,'2015-07-01','2019-6-30'),
		(2,7,'2009-07-01','2020-06-30'),
		(2,8,'2011-07-01','2022-06-30'),
		(2,9,'2015-07-01','2022-06-30'),
		(2,10,'2007-07-01','2022-06-30'),
		(2,11,'2014-07-01','2021-06-30'),
		(2,12,'2015-07-01','2023-06-30'),
		(3,13,'2009-07-01','2021-06-30'),
		(3,14,'2017-07-01','2020-06-30'),
		(3,15,'2007-07-01','2019-06-30'),
		(3,16,'2011-07-01','2019-06-30'),
		(3,17,'2014-07-01','2021-06-30'),
		(3,18,'2009-07-01','2022-06-30'),
		(4,19,'2018-07-01','2019-6-30'),
		(4,20,'2014-07-01','2022-06-30'),
		(4,21,'2007-07-01','2019-06-30'),
		(4,22,'2011-07-01','2023-06-30'),
		(4,23,'2015-07-01','2021-06-30'),
		(4,24,'2009-07-01','2022-06-30'),
		(5,25,'2014-07-01','2019-6-30'),
		(5,26,'2014-07-01','2023-06-30'),
		(5,27,'2011-07-01','2021-06-30'),
		(5,28,'2007-07-01','2019-06-30'),
		(5,29,'2015-07-01','2019-6-30'),
		(5,30,'2009-07-01','2020-06-30'),
		(6,31,'2014-07-01','2019-06-30'),
		(6,32,'2017-07-01','2021-06-30'),
		(6,33,'2007-07-01','2023-06-30'),
		(6,34,'2011-07-01','2020-06-30'),
		(6,35,'2009-07-01','2019-6-30'),
		(6,36,'2017-07-01','2022-06-30'),
		(7,37,'2007-07-01','2024-06-30'),
		(7,38,'2017-07-01','2023-06-30'),
		(7,39,'2015-07-01','2021-06-30'),
		(7,40,'2011-07-01','2019-06-30'),
		(7,41,'2013-07-01','2019-06-30'),
		(7,42,'2009-07-01','2019-06-30')
		;

INSERT INTO Trainervertrag (vid, tid, von, bis)

VALUES
		(1,1,'2018-07-01','2020-06-30'),
		(2,2,'2018-07-01','2021-06-30'),
		(3,3,'2018-07-09','2019-06-30'),
		(4,4,'2018-07-01','2021-06-30'),
		(5,5,'2018-12-23','2020-06-30'),
		(6,6,'2015-02-05','2019-06-30'),
		(7,7,'2019-02-24','2021-06-30')
		;

--INSERT INTO Hauptposition (sid,pid)
INSERT INTO Spielerposition (sid,Auspraegung,pid)

VALUES
		(1, 1.0, 9),
		(2, 1.0, 1),
		(3, 1.0, 5),
		(4, 1.0, 9),
		(5, 1.0, 10),
		(6, 1.0, 4),
		(7, 1.0, 10),
		(8, 1.0, 4),
		(9, 1.0, 5),
		(10, 1.0, 6),
		(11, 1.0, 6),
		(12, 1.0, 1),
		(13, 1.0, 1),
		(14, 1.0, 4),
		(15, 1.0, 2),
		(16, 1.0, 8),
		(17, 1.0, 8),
		(18, 1.0, 10),
		(19, 1.0, 1),
		(20, 1.0, 2),
		(21, 1.0, 5),
		(22, 1.0, 6),
		(23, 1.0, 7),
		(24, 1.0, 10),
		(25, 1.0, 1),
		(26, 1.0, 4),
		(27, 1.0, 3),
		(28, 1.0, 9),
		(29, 1.0, 6),
		(30, 1.0, 10),
		(31, 1.0, 1),
		(32, 1.0, 4),
		(33, 1.0, 4),
		(34, 1.0, 7),
		(35, 1.0, 9),
		(36, 1.0, 10),
		(37, 1.0, 1),
		(38, 1.0, 3),
		(39, 1.0, 10),
		(40, 1.0, 9),
		(41, 1.0, 3),
		(42, 1.0, 5)
		;

--INSERT INTO Nebenposition (sid,pid)
INSERT INTO Spielerposition (sid, Auspraegung, pid)

VALUES
		(1, 0.5, 6),(1, 0.5, 10),
		(3, 0.5, 7),
		(4, 0.5, 10),(4, 0.5, 6),
		(6, 0.5, 5),
		(7, 0.5, 8),(7, 0.5, 9),
		(9, 0.5, 4),
		(10, 0.5, 8),(10, 0.5, 10),
		(11, 0.5, 8),
		(14, 0.5, 5),
		(15, 0.5, 4),(15, 0.5, 6),
		(16, 0.5, 6),(16, 0.5, 9),
		(17, 0.5, 6),(17, 0.5, 9),
		(18, 0.5, 8),(18, 0.5, 6),
		(20, 0.5, 6),(20, 0.5, 7),
		(21, 0.5, 4),
		(22, 0.5, 8),
		(23, 0.5, 5),(23, 0.5, 8),
		(24, 0.5, 9),
		(26, 0.5, 5),(26, 0.5, 7),
		(27, 0.5, 8),
		(28, 0.5, 7),(28, 0.5, 8),
		(29, 0.5, 8),
		(30, 0.5, 9),
		(32, 0.5, 5),
		(33, 0.5, 2),
		(34, 0.5, 9),(34, 0.5, 5),
		(35, 0.5, 8),(35, 0.5, 7),
		(38, 0.5, 4),(38, 0.5, 8),
		(39, 0.5, 8),(39, 0.5, 9),
		(40, 0.5, 6),(40, 0.5, 8),
		(41, 0.5, 8),
		(42, 0.5, 7),(42, 0.5, 4)
		;		

